#												
# U.S. Geological Survey												
# National Water Information System												
# Retrieved: 2017-06-11 01:26:32 EDT												
#												
# ---------------------------------- WARNING ----------------------------------------												
# Some of the data that you have obtained from this U.S. Geological Survey database												
# may not have received Director's approval. Any such data values are qualified												
# as provisional and are subject to revision. Provisional data are released on the												
# condition that neither the USGS nor the United States Government may be held liable												
# for any damages resulting from its use.												
#												
# More data may be available offline.												
"# For more information on these data,  contact  Vermont Water Data Inquiries."												
# This file contains the annual peak streamflow data.												
#												
# This information includes the following fields:												
#												
#  agency_cd     Agency Code												
#  site_no       USGS station number												
#  peak_dt       Date of peak streamflow (format YYYY-MM-DD)												
"#  peak_tm       Time of peak streamflow (24 hour format, 00:00 - 23:59)"												
#  peak_va       Annual peak streamflow value in cfs												
#  peak_cd       Peak Discharge-Qualification codes (see explanation below)												
#  gage_ht       Gage height for the associated peak streamflow in feet												
#  gage_ht_cd    Gage height qualification codes												
#  year_last_pk  Peak streamflow reported is the highest since this year												
#  ag_dt         Date of maximum gage-height for water year (if not concurrent with peak)												
#  ag_tm         Time of maximum gage-height for water year (if not concurrent with peak												
#  ag_gage_ht    maximum Gage height for water year in feet (if not concurrent with peak												
#  ag_gage_ht_cd maximum Gage height code												
#												
# Sites in this file include:												
"#  USGS 04294000 MISSISQUOI RIVER AT SWANTON, VT"												
#												
# Peak Streamflow-Qualification Codes(peak_cd):												
#   1 ... Discharge is a Maximum Daily Average												
#   2 ... Discharge is an Estimate												
#   3 ... Discharge affected by Dam Failure												
"#   4 ... Discharge less than indicated value,"												
#           which is Minimum Recordable Discharge at this site												
#   5 ... Discharge affected to unknown degree by												
#           Regulation or Diversion												
#   6 ... Discharge affected by Regulation or Diversion												
#   7 ... Discharge is an Historic Peak												
#   8 ... Discharge actually greater than indicated value												
"#   9 ... Discharge due to Snowmelt, Hurricane,"												
#           Ice-Jam or Debris Dam breakup												
#   A ... Year of occurrence is unknown or not exact												
#   B ... Month or Day of occurrence is unknown or not exact												
"#   C ... All or part of the record affected by Urbanization,"												
"#            Mining, Agricultural changes, Channelization, or other"												
#   D ... Base Discharge changed during this year												
#   E ... Only Annual Maximum Peak available for this year												
#												
"# Gage height qualification codes(gage_ht_cd,ag_gage_ht_cd):"												
#   1 ... Gage height affected by backwater												
#   2 ... Gage height not the maximum for the year												
#   3 ... Gage height at different site and(or) datum												
#   4 ... Gage height below minimum recordable elevation												
#   5 ... Gage height is an estimate												
#   6 ... Gage datum changed during this year												
#												
#												
agency_cd	site_no	peak_dt	peak_tm	peak_va	peak_cd	gage_ht	gage_ht_cd	year_last_pk	ag_dt	ag_tm	ag_gage_ht	ag_gage_ht_cd
5s	15s	10d	6s	8s	27s	8s	13s	4s	10d	6s	8s	11s
USGS	4294000	3/18/1990		25000	"2,5"							
USGS	4294000	3/5/1991		20500	5	6.98						
USGS	4294000	4/23/1992		18200	5	6.48						
USGS	4294000	4/11/1993		15100	5	5.46						
USGS	4294000	4/16/1994		23700	5	7.16						
USGS	4294000	1/16/1995		14600	5	5.34						
USGS	4294000	1/20/1996		37700	5	9.5						
USGS	4294000	7/15/1997		28800	5	8.05						
USGS	4294000	1/9/1998		32200	5	8.64						
USGS	4294000	9/18/1999		11900	5	4.75	2		1/24/1999		4.97	1
USGS	4294000	2/29/2000		21200	5	6.69						
USGS	4294000	4/24/2001		15700	5	5.59	2		4/13/2001		6.39	1
USGS	4294000	6/12/2002		31000	5	8.46						
USGS	4294000	3/30/2003		16100	5	5.67	2		3/26/2003		6.13	1
USGS	4294000	11/20/2003		20600	5	6.57						
USGS	4294000	4/4/2005	1:30	17400	5	5.93						
USGS	4294000	5/20/2006	15:45	29700	5	8.24						
USGS	4294000	10/21/2006	9:30	15900	5	5.62						
USGS	4294000	4/12/2008	17:45	13800	5	5.17	2		1/9/2008	200000	5.48	1
USGS	4294000	5/10/2009	17:30	11000	5	4.56						
USGS	4294000	8/4/2010	14:45	17400	5	5.93						
USGS	4294000	4/28/2011	23:45	25500	5	7.49						
USGS	4294000	9/5/2012	14:45	17100	5	5.88						
USGS	4294000	5/26/2013		22600	5	6.96						
USGS	4294000	4/16/2014		28300	5	7.99						
USGS	4294000	12/25/2014	20:00	16900	"2,5"	6.03	1					
USGS	4294000	2/25/2016	15:00	18400	5	6.14	2		2/25/2016	140000	6.52	1
